{
    "fold_0": {
        "train_folders": [
            "Animal1",
            "Animal3",
            "Building1",
            "Building5",
            "CityStreetDay1",
            "CityStreetDay2",
            "CityStreetNight",
            "Face1",
            "Face3",
            "Face5",
            "Nature4",
            "Nature9",
            "People1",
            "People4",
            "TextCompIn1",
            "TextCompOut1",
            "TextCompOut3",
            "TextSimpIn2",
            "TextSimpOut2"
        ],
        "valid_folders": [
            "Animal2",
            "Building2",
            "Nature6",
            "People5",
            "TextCompIn3"
        ],
        "results": [
            {
                "epoch": 1,
                "train_loss": [
                    0.12650601238666476,
                    0.27466572463635186,
                    0.2575230878521457
                ],
                "val_loss": 0.054305419896263626,
                "srcc": 0.5710534341239247,
                "plcc": 0.5509049479051952,
                "krcc": 0.42304961863662893
            }
        ]
    },
    "fold_1": {
        "train_folders": [
            "Animal1",
            "Animal2",
            "Animal3",
            "Building1",
            "Building2",
            "Building5",
            "CityStreetDay1",
            "CityStreetDay2",
            "CityStreetNight",
            "Face1",
            "Face3",
            "Face5",
            "Nature4",
            "Nature6",
            "People1",
            "People5",
            "TextCompIn3",
            "TextCompOut1",
            "TextSimpOut2"
        ],
        "valid_folders": [
            "Nature9",
            "People4",
            "TextCompIn1",
            "TextCompOut3",
            "TextSimpIn2"
        ],
        "results": [
            {
                "epoch": 1,
                "train_loss": [
                    0.11142753540032886,
                    0.31462902572661683,
                    0.32253215769921895
                ],
                "val_loss": 0.06889414896722883,
                "srcc": 0.5067537248631863,
                "plcc": 0.4895547594485815,
                "krcc": 0.3532487814251161
            }
        ]
    },
    "fold_2": {
        "train_folders": [
            "Animal1",
            "Animal2",
            "Animal3",
            "Building1",
            "Building2",
            "CityStreetDay1",
            "CityStreetDay2",
            "Face1",
            "Face5",
            "Nature6",
            "Nature9",
            "People1",
            "People4",
            "People5",
            "TextCompIn1",
            "TextCompIn3",
            "TextCompOut1",
            "TextCompOut3",
            "TextSimpIn2"
        ],
        "valid_folders": [
            "Building5",
            "CityStreetNight",
            "Face3",
            "Nature4",
            "TextSimpOut2"
        ],
        "results": [
            {
                "epoch": 1,
                "train_loss": [
                    0.11547770013490471,
                    0.2987019541267265,
                    0.3091545540001414
                ],
                "val_loss": 0.07880039966832368,
                "srcc": 0.4605754043711627,
                "plcc": 0.4935596311850208,
                "krcc": 0.38627623855132264
            }
        ]
    },
    "fold_3": {
        "train_folders": [
            "Animal2",
            "Building1",
            "Building2",
            "Building5",
            "CityStreetNight",
            "Face1",
            "Face3",
            "Nature4",
            "Nature6",
            "Nature9",
            "People1",
            "People4",
            "People5",
            "TextCompIn1",
            "TextCompIn3",
            "TextCompOut1",
            "TextCompOut3",
            "TextSimpIn2",
            "TextSimpOut2"
        ],
        "valid_folders": [
            "Animal1",
            "Animal3",
            "CityStreetDay1",
            "CityStreetDay2",
            "Face5"
        ],
        "results": [
            {
                "epoch": 1,
                "train_loss": [
                    0.11687331901340312,
                    0.3223179723058148,
                    0.31721538595997584
                ],
                "val_loss": 0.044766311498824506,
                "srcc": 0.6015185553235386,
                "plcc": 0.6716577774560699,
                "krcc": 0.44240797193725667
            }
        ]
    },
    "fold_4": {
        "train_folders": [
            "Animal1",
            "Animal2",
            "Animal3",
            "Building2",
            "Building5",
            "CityStreetDay1",
            "CityStreetDay2",
            "CityStreetNight",
            "Face3",
            "Face5",
            "Nature4",
            "Nature6",
            "Nature9",
            "People4",
            "People5",
            "TextCompIn1",
            "TextCompIn3",
            "TextCompOut3",
            "TextSimpIn2",
            "TextSimpOut2"
        ],
        "valid_folders": [
            "Building1",
            "Face1",
            "People1",
            "TextCompOut1"
        ],
        "results": [
            {
                "epoch": 1,
                "train_loss": [
                    0.11683283262051797,
                    0.2733814832822023,
                    0.2848607607839796
                ],
                "val_loss": 0.09716713690431789,
                "srcc": 0.41809226461125654,
                "plcc": 0.4707258698418417,
                "krcc": 0.28528130043252453
            }
        ]
    }
}